Workbook

Sheet Params
A1: High risk threshold (total score ≥) | B1: 10
A2: Medium risk threshold (total score ≥) | B2: 5
A4: Notes
A5: Adjust thresholds to tune sensitivity vs specificity.
A7: Symptomatic uncertainty score (Cases_v2!Z): | B7: Adds +2 for 5-HT6 / H3 / muscarinic / nicotinic symptomatic classes (editable).

Sheet Cases_v2
A1: Outcome label (1=fail, 0=success) | B1: Program | C1: Class / target | D1: Pivotal population | E1: Observed outcome | F1: Primary failure mode | G1: Framework red flags (from DAG logic) | H1: Predicted failure risk | I1: Notes | J1: Sex/menopause modifier accounted? | K1: Ancestry modifier accounted? | L1: APOE stratified? | M1: Representation / enrollment note | N1: Score: Target pleiotropy / essential physiology (0-2) | O1: Score: Wrong pathological species targeted (0-2) | P1: Score: Stage mismatch (0-2) | Q1: Score: Human causality weak (0-2) | R1: Score: Target engagement hard to measure/achieve (0-2) | S1: Score: Safety monitoring burden (0-2) | T1: Score: Sex-pathway effect modifier unmodeled (0-2) | U1: Score: Ancestry-pathway effect modifier unmodeled (0-2) | V1: Total score (auto, incl symptomatic dimension) | W1: Predicted risk (auto) | X1: Predicted fail (auto, 1=fail,0=success) | Y1: Program category (auto) | Z1: Score: Symptomatic effect size uncertainty (0-2) | AA1: Failure-point tag (F1-F4) [manual]
A2: 1 | B2: Semagacestat | C2: γ-secretase inhibitor (Aβ production) | D2: Mild-to-moderate AD | E2: Failed; worse cognition/function + AEs | F2: Safety + efficacy | G2: Pleiotropy/toxicity=2; Stage mismatch=2; Safety burden=2; Ancestry modifier unmodeled=1 | H2: Medium | I2: Classic 'biomarker changed but clinical worsened' type. | J2: Unknown | K2: Unknown | L2: Unknown | N2: 2 | O2: 0 | P2: 2 | Q2: 0 | R2: 0 | S2: 2 | T2: 0 | U2: 1 | V2: =SUM(N2:U2)+Z2 | W2: =IF(V2>=Params!$B$1,"High",IF(V2>=Params!$B$2,"Medium","Low")) | X2: =IF(W2="High",1,0) | Y2: =IF(OR(ISNUMBER(SEARCH("Cholinesterase",$C2)),ISNUMBER(SEARCH("NMDA",$C2)),ISNUMBER(SEARCH("5-HT6",$C2)),ISNUMBER(SEARCH("H3",$C2)),ISNUMBER(SEARCH("Muscarinic",$C2)),ISNUMBER(SEARCH("Nicotinic",$C2)),ISNUMBER(SEARCH("ampakine",$C2)),ISNUMBER(SEARCH("antipsychotic",$C2)),ISNUMBER(SEARCH("symptomatic",$C2))),"Symptomatic","DMT") | Z2: =IF(OR(ISNUMBER(SEARCH("5-HT6",$C2)),ISNUMBER(SEARCH("Histamine H3",$C2)),ISNUMBER(SEARCH("H3 receptor",$C2)),ISNUMBER(SEARCH("Muscarinic",$C2)),ISNUMBER(SEARCH("Nicotinic",$C2))),2,0)
A3: 1 | B3: Verubecestat (MK-8931) | C3: BACE1 inhibitor (Aβ production) | D3: Mild-to-moderate AD (EPOCH); prodromal AD (APECS) | E3: Discontinued for lack of benefit | F3: Efficacy (plus tolerability considerations) | G3: Pleiotropy/toxicity=2; Safety burden=2; Ancestry modifier unmodeled=1 | H3: Medium | J3: Unknown | K3: Unknown | L3: Unknown | N3: 2 | O3: 0 | P3: 0 | Q3: 0 | R3: 0 | S3: 2 | T3: 0 | U3: 1 | V3: =SUM(N3:U3)+Z3 | W3: =IF(V3>=Params!$B$1,"High",IF(V3>=Params!$B$2,"Medium","Low")) | X3: =IF(W3="High",1,0) | Y3: =IF(OR(ISNUMBER(SEARCH("Cholinesterase",$C3)),ISNUMBER(SEARCH("NMDA",$C3)),ISNUMBER(SEARCH("5-HT6",$C3)),ISNUMBER(SEARCH("H3",$C3)),ISNUMBER(SEARCH("Muscarinic",$C3)),ISNUMBER(SEARCH("Nicotinic",$C3)),ISNUMBER(SEARCH("ampakine",$C3)),ISNUMBER(SEARCH("antipsychotic",$C3)),ISNUMBER(SEARCH("symptomatic",$C3))),"Symptomatic","DMT") | Z3: =IF(OR(ISNUMBER(SEARCH("5-HT6",$C3)),ISNUMBER(SEARCH("Histamine H3",$C3)),ISNUMBER(SEARCH("H3 receptor",$C3)),ISNUMBER(SEARCH("Muscarinic",$C3)),ISNUMBER(SEARCH("Nicotinic",$C3))),2,0)
A4: 1 | B4: Atabecestat (JNJ-54861911) | C4: BACE1 inhibitor | D4: Preclinical / asymptomatic at risk | E4: Development halted (safety concerns incl. liver signals) | F4: Safety | G4: Pleiotropy/toxicity=2; Stage mismatch=2; Safety burden=2; Ancestry modifier unmodeled=1 | H4: Medium | J4: Unknown | K4: Unknown | L4: Unknown | N4: 2 | O4: 0 | P4: 2 | Q4: 0 | R4: 0 | S4: 2 | T4: 0 | U4: 1 | V4: =SUM(N4:U4)+Z4 | W4: =IF(V4>=Params!$B$1,"High",IF(V4>=Params!$B$2,"Medium","Low")) | X4: =IF(W4="High",1,0) | Y4: =IF(OR(ISNUMBER(SEARCH("Cholinesterase",$C4)),ISNUMBER(SEARCH("NMDA",$C4)),ISNUMBER(SEARCH("5-HT6",$C4)),ISNUMBER(SEARCH("H3",$C4)),ISNUMBER(SEARCH("Muscarinic",$C4)),ISNUMBER(SEARCH("Nicotinic",$C4)),ISNUMBER(SEARCH("ampakine",$C4)),ISNUMBER(SEARCH("antipsychotic",$C4)),ISNUMBER(SEARCH("symptomatic",$C4))),"Symptomatic","DMT") | Z4: =IF(OR(ISNUMBER(SEARCH("5-HT6",$C4)),ISNUMBER(SEARCH("Histamine H3",$C4)),ISNUMBER(SEARCH("H3 receptor",$C4)),ISNUMBER(SEARCH("Muscarinic",$C4)),ISNUMBER(SEARCH("Nicotinic",$C4))),2,0)
A5: 1 | B5: Elenbecestat (E2609) | C5: BACE inhibitor | D5: Early AD | E5: Phase 3 stopped (unfavorable risk–benefit) | F5: Risk–benefit / safety | G5: Pleiotropy/toxicity=2; Safety burden=2; Ancestry modifier unmodeled=1 | H5: Medium | J5: Unknown | K5: Unknown | L5: Unknown | N5: 2 | O5: 0 | P5: 0 | Q5: 0 | R5: 0 | S5: 2 | T5: 0 | U5: 1 | V5: =SUM(N5:U5)+Z5 | W5: =IF(V5>=Params!$B$1,"High",IF(V5>=Params!$B$2,"Medium","Low")) | X5: =IF(W5="High",1,0) | Y5: =IF(OR(ISNUMBER(SEARCH("Cholinesterase",$C5)),ISNUMBER(SEARCH("NMDA",$C5)),ISNUMBER(SEARCH("5-HT6",$C5)),ISNUMBER(SEARCH("H3",$C5)),ISNUMBER(SEARCH("Muscarinic",$C5)),ISNUMBER(SEARCH("Nicotinic",$C5)),ISNUMBER(SEARCH("ampakine",$C5)),ISNUMBER(SEARCH("antipsychotic",$C5)),ISNUMBER(SEARCH("symptomatic",$C5))),"Symptomatic","DMT") | Z5: =IF(OR(ISNUMBER(SEARCH("5-HT6",$C5)),ISNUMBER(SEARCH("Histamine H3",$C5)),ISNUMBER(SEARCH("H3 receptor",$C5)),ISNUMBER(SEARCH("Muscarinic",$C5)),ISNUMBER(SEARCH("Nicotinic",$C5))),2,0)
A6: 1 | B6: Umibecestat (CNP520) | C6: BACE1 inhibitor | D6: Cognitively unimpaired at genetic risk (prevention) | E6: Trials stopped after cognitive worsening signal | F6: Safety/negative cognitive signal | G6: Pleiotropy/toxicity=2; Safety burden=2; Ancestry modifier unmodeled=1 | H6: Medium | J6: Unknown | K6: Unknown | L6: Unknown | N6: 2 | O6: 0 | P6: 0 | Q6: 0 | R6: 0 | S6: 2 | T6: 0 | U6: 1 | V6: =SUM(N6:U6)+Z6 | W6: =IF(V6>=Params!$B$1,"High",IF(V6>=Params!$B$2,"Medium","Low")) | X6: =IF(W6="High",1,0) | Y6: =IF(OR(ISNUMBER(SEARCH("Cholinesterase",$C6)),ISNUMBER(SEARCH("NMDA",$C6)),ISNUMBER(SEARCH("5-HT6",$C6)),ISNUMBER(SEARCH("H3",$C6)),ISNUMBER(SEARCH("Muscarinic",$C6)),ISNUMBER(SEARCH("Nicotinic",$C6)),ISNUMBER(SEARCH("ampakine",$C6)),ISNUMBER(SEARCH("antipsychotic",$C6)),ISNUMBER(SEARCH("symptomatic",$C6))),"Symptomatic","DMT") | Z6: =IF(OR(ISNUMBER(SEARCH("5-HT6",$C6)),ISNUMBER(SEARCH("Histamine H3",$C6)),ISNUMBER(SEARCH("H3 receptor",$C6)),ISNUMBER(SEARCH("Muscarinic",$C6)),ISNUMBER(SEARCH("Nicotinic",$C6))),2,0)
A7: 1 | B7: Bapineuzumab | C7: Anti-Aβ mAb (primarily fibrillar/plaque) | D7: Mild-to-moderate AD | E7: Failed clinical endpoints despite biomarker changes; ARIA issues | F7: Efficacy (plus safety) | G7: Wrong species=1; Stage mismatch=2; Safety burden=2 | H7: Medium | J7: Unknown | K7: Unknown | L7: Yes | N7: 0 | O7: 1 | P7: 2 | Q7: 0 | R7: 0 | S7: 2 | T7: 0 | U7: 0 | V7: =SUM(N7:U7)+Z7 | W7: =IF(V7>=Params!$B$1,"High",IF(V7>=Params!$B$2,"Medium","Low")) | X7: =IF(W7="High",1,0) | Y7: =IF(OR(ISNUMBER(SEARCH("Cholinesterase",$C7)),ISNUMBER(SEARCH("NMDA",$C7)),ISNUMBER(SEARCH("5-HT6",$C7)),ISNUMBER(SEARCH("H3",$C7)),ISNUMBER(SEARCH("Muscarinic",$C7)),ISNUMBER(SEARCH("Nicotinic",$C7)),ISNUMBER(SEARCH("ampakine",$C7)),ISNUMBER(SEARCH("antipsychotic",$C7)),ISNUMBER(SEARCH("symptomatic",$C7))),"Symptomatic","DMT") | Z7: =IF(OR(ISNUMBER(SEARCH("5-HT6",$C7)),ISNUMBER(SEARCH("Histamine H3",$C7)),ISNUMBER(SEARCH("H3 receptor",$C7)),ISNUMBER(SEARCH("Muscarinic",$C7)),ISNUMBER(SEARCH("Nicotinic",$C7))),2,0)
A8: 1 | B8: Solanezumab | C8: Anti-Aβ mAb (soluble monomer) | D8: Mild AD | E8: Failed primary endpoint | F8: Efficacy | G8: Wrong species=2; Stage mismatch=1; Safety burden=2 | H8: Medium | J8: Unknown | K8: Unknown | L8: Yes | N8: 0 | O8: 2 | P8: 1 | Q8: 0 | R8: 0 | S8: 2 | T8: 0 | U8: 0 | V8: =SUM(N8:U8)+Z8 | W8: =IF(V8>=Params!$B$1,"High",IF(V8>=Params!$B$2,"Medium","Low")) | X8: =IF(W8="High",1,0) | Y8: =IF(OR(ISNUMBER(SEARCH("Cholinesterase",$C8)),ISNUMBER(SEARCH("NMDA",$C8)),ISNUMBER(SEARCH("5-HT6",$C8)),ISNUMBER(SEARCH("H3",$C8)),ISNUMBER(SEARCH("Muscarinic",$C8)),ISNUMBER(SEARCH("Nicotinic",$C8)),ISNUMBER(SEARCH("ampakine",$C8)),ISNUMBER(SEARCH("antipsychotic",$C8)),ISNUMBER(SEARCH("symptomatic",$C8))),"Symptomatic","DMT") | Z8: =IF(OR(ISNUMBER(SEARCH("5-HT6",$C8)),ISNUMBER(SEARCH("Histamine H3",$C8)),ISNUMBER(SEARCH("H3 receptor",$C8)),ISNUMBER(SEARCH("Muscarinic",$C8)),ISNUMBER(SEARCH("Nicotinic",$C8))),2,0)
A9: 1 | B9: Gantenerumab | C9: Anti-Aβ mAb (plaque/fibrillar) | D9: Early AD | E9: Phase 3 failed primary endpoints | F9: Efficacy | G9: Wrong species=1; Safety burden=2 | H9: Low | I9: Useful 'hard case' because same general class as successful mAbs. | J9: Unknown | K9: Unknown | L9: Yes | N9: 0 | O9: 1 | P9: 0 | Q9: 0 | R9: 0 | S9: 2 | T9: 0 | U9: 0 | V9: =SUM(N9:U9)+Z9 | W9: =IF(V9>=Params!$B$1,"High",IF(V9>=Params!$B$2,"Medium","Low")) | X9: =IF(W9="High",1,0) | Y9: =IF(OR(ISNUMBER(SEARCH("Cholinesterase",$C9)),ISNUMBER(SEARCH("NMDA",$C9)),ISNUMBER(SEARCH("5-HT6",$C9)),ISNUMBER(SEARCH("H3",$C9)),ISNUMBER(SEARCH("Muscarinic",$C9)),ISNUMBER(SEARCH("Nicotinic",$C9)),ISNUMBER(SEARCH("ampakine",$C9)),ISNUMBER(SEARCH("antipsychotic",$C9)),ISNUMBER(SEARCH("symptomatic",$C9))),"Symptomatic","DMT") | Z9: =IF(OR(ISNUMBER(SEARCH("5-HT6",$C9)),ISNUMBER(SEARCH("Histamine H3",$C9)),ISNUMBER(SEARCH("H3 receptor",$C9)),ISNUMBER(SEARCH("Muscarinic",$C9)),ISNUMBER(SEARCH("Nicotinic",$C9))),2,0)
A10: 1 | B10: Semorinemab | C10: Anti-tau mAb (extracellular tau, N-terminus) | D10: Prodromal-to-mild AD | E10: Failed to show meaningful efficacy | F10: Efficacy | G10: Pleiotropy/toxicity=1; Wrong species=2; Human causality weak=1; Target engagement hard=1; Safety burden=1 | H10: Medium | I10: Framework currently lists anti-tau immunotherapy as 'clinical trials' → may need downgrading. | J10: Unknown | K10: Unknown | L10: Unknown | N10: 1 | O10: 2 | P10: 0 | Q10: 1 | R10: 1 | S10: 1 | T10: 0 | U10: 0 | V10: =SUM(N10:U10)+Z10 | W10: =IF(V10>=Params!$B$1,"High",IF(V10>=Params!$B$2,"Medium","Low")) | X10: =IF(W10="High",1,0) | Y10: =IF(OR(ISNUMBER(SEARCH("Cholinesterase",$C10)),ISNUMBER(SEARCH("NMDA",$C10)),ISNUMBER(SEARCH("5-HT6",$C10)),ISNUMBER(SEARCH("H3",$C10)),ISNUMBER(SEARCH("Muscarinic",$C10)),ISNUMBER(SEARCH("Nicotinic",$C10)),ISNUMBER(SEARCH("ampakine",$C10)),ISNUMBER(SEARCH("antipsychotic",$C10)),ISNUMBER(SEARCH("symptomatic",$C10))),"Symptomatic","DMT") | Z10: =IF(OR(ISNUMBER(SEARCH("5-HT6",$C10)),ISNUMBER(SEARCH("Histamine H3",$C10)),ISNUMBER(SEARCH("H3 receptor",$C10)),ISNUMBER(SEARCH("Muscarinic",$C10)),ISNUMBER(SEARCH("Nicotinic",$C10))),2,0)
A11: 1 | B11: Gosuranemab | C11: Anti-tau mAb (N-terminus) | D11: MCI / mild AD | E11: Did not meet primary endpoint | F11: Efficacy | G11: Pleiotropy/toxicity=1; Wrong species=2; Human causality weak=1; Target engagement hard=1; Safety burden=1 | H11: Medium | J11: Unknown | K11: Unknown | L11: Unknown | N11: 1 | O11: 2 | P11: 0 | Q11: 1 | R11: 1 | S11: 1 | T11: 0 | U11: 0 | V11: =SUM(N11:U11)+Z11 | W11: =IF(V11>=Params!$B$1,"High",IF(V11>=Params!$B$2,"Medium","Low")) | X11: =IF(W11="High",1,0) | Y11: =IF(OR(ISNUMBER(SEARCH("Cholinesterase",$C11)),ISNUMBER(SEARCH("NMDA",$C11)),ISNUMBER(SEARCH("5-HT6",$C11)),ISNUMBER(SEARCH("H3",$C11)),ISNUMBER(SEARCH("Muscarinic",$C11)),ISNUMBER(SEARCH("Nicotinic",$C11)),ISNUMBER(SEARCH("ampakine",$C11)),ISNUMBER(SEARCH("antipsychotic",$C11)),ISNUMBER(SEARCH("symptomatic",$C11))),"Symptomatic","DMT") | Z11: =IF(OR(ISNUMBER(SEARCH("5-HT6",$C11)),ISNUMBER(SEARCH("Histamine H3",$C11)),ISNUMBER(SEARCH("H3 receptor",$C11)),ISNUMBER(SEARCH("Muscarinic",$C11)),ISNUMBER(SEARCH("Nicotinic",$C11))),2,0)
A12: 1 | B12: Tilavonemab (ABBV-8E12) | C12: Anti-tau mAb (N-terminus) | D12: Early AD | E12: No efficacy; development not warranted | F12: Efficacy | G12: Pleiotropy/toxicity=1; Wrong species=2; Human causality weak=1; Target engagement hard=1; Safety burden=1 | H12: Medium | J12: Unknown | K12: Unknown | L12: Unknown | N12: 1 | O12: 2 | P12: 0 | Q12: 1 | R12: 1 | S12: 1 | T12: 0 | U12: 0 | V12: =SUM(N12:U12)+Z12 | W12: =IF(V12>=Params!$B$1,"High",IF(V12>=Params!$B$2,"Medium","Low")) | X12: =IF(W12="High",1,0) | Y12: =IF(OR(ISNUMBER(SEARCH("Cholinesterase",$C12)),ISNUMBER(SEARCH("NMDA",$C12)),ISNUMBER(SEARCH("5-HT6",$C12)),ISNUMBER(SEARCH("H3",$C12)),ISNUMBER(SEARCH("Muscarinic",$C12)),ISNUMBER(SEARCH("Nicotinic",$C12)),ISNUMBER(SEARCH("ampakine",$C12)),ISNUMBER(SEARCH("antipsychotic",$C12)),ISNUMBER(SEARCH("symptomatic",$C12))),"Symptomatic","DMT") | Z12: =IF(OR(ISNUMBER(SEARCH("5-HT6",$C12)),ISNUMBER(SEARCH("Histamine H3",$C12)),ISNUMBER(SEARCH("H3 receptor",$C12)),ISNUMBER(SEARCH("Muscarinic",$C12)),ISNUMBER(SEARCH("Nicotinic",$C12))),2,0)
A13: 0 | B13: Lecanemab (Leqembi) | C13: Anti-Aβ mAb (protofibrils/soluble aggregates) | D13: Early AD (MCI / mild dementia with amyloid) | E13: Positive (modest slowing); approved in multiple regions | F13: — | G13: Safety burden=2 | H13: Low | J13: Unknown | K13: Unknown | L13: Yes | N13: 0 | O13: 0 | P13: 0 | Q13: 0 | R13: 0 | S13: 2 | T13: 0 | U13: 0 | V13: =SUM(N13:U13)+Z13 | W13: =IF(V13>=Params!$B$1,"High",IF(V13>=Params!$B$2,"Medium","Low")) | X13: =IF(W13="High",1,0) | Y13: =IF(OR(ISNUMBER(SEARCH("Cholinesterase",$C13)),ISNUMBER(SEARCH("NMDA",$C13)),ISNUMBER(SEARCH("5-HT6",$C13)),ISNUMBER(SEARCH("H3",$C13)),ISNUMBER(SEARCH("Muscarinic",$C13)),ISNUMBER(SEARCH("Nicotinic",$C13)),ISNUMBER(SEARCH("ampakine",$C13)),ISNUMBER(SEARCH("antipsychotic",$C13)),ISNUMBER(SEARCH("symptomatic",$C13))),"Symptomatic","DMT") | Z13: =IF(OR(ISNUMBER(SEARCH("5-HT6",$C13)),ISNUMBER(SEARCH("Histamine H3",$C13)),ISNUMBER(SEARCH("H3 receptor",$C13)),ISNUMBER(SEARCH("Muscarinic",$C13)),ISNUMBER(SEARCH("Nicotinic",$C13))),2,0)
A14: 0 | B14: Donanemab (Kisunla) | C14: Anti-Aβ mAb (pyroglutamate Aβ in plaques) | D14: Early symptomatic AD | E14: Approved (benefit modest; ARIA risk) | F14: — | G14: Wrong species=1; Safety burden=2 | H14: Low | J14: Unknown | K14: Unknown | L14: Yes | N14: 0 | O14: 1 | P14: 0 | Q14: 0 | R14: 0 | S14: 2 | T14: 0 | U14: 0 | V14: =SUM(N14:U14)+Z14 | W14: =IF(V14>=Params!$B$1,"High",IF(V14>=Params!$B$2,"Medium","Low")) | X14: =IF(W14="High",1,0) | Y14: =IF(OR(ISNUMBER(SEARCH("Cholinesterase",$C14)),ISNUMBER(SEARCH("NMDA",$C14)),ISNUMBER(SEARCH("5-HT6",$C14)),ISNUMBER(SEARCH("H3",$C14)),ISNUMBER(SEARCH("Muscarinic",$C14)),ISNUMBER(SEARCH("Nicotinic",$C14)),ISNUMBER(SEARCH("ampakine",$C14)),ISNUMBER(SEARCH("antipsychotic",$C14)),ISNUMBER(SEARCH("symptomatic",$C14))),"Symptomatic","DMT") | Z14: =IF(OR(ISNUMBER(SEARCH("5-HT6",$C14)),ISNUMBER(SEARCH("Histamine H3",$C14)),ISNUMBER(SEARCH("H3 receptor",$C14)),ISNUMBER(SEARCH("Muscarinic",$C14)),ISNUMBER(SEARCH("Nicotinic",$C14))),2,0)
A15: 0 | B15: Tacrine (Cognex) | C15: Cholinesterase inhibitor (AChE) | D15: Mild–moderate AD dementia | E15: Approved (later withdrawn due to hepatotoxicity) | G15: Pleiotropy/toxicity=1; Safety burden=1 | H15: Low | J15: Unknown | K15: Unknown | L15: Unknown | N15: 1 | O15: 0 | P15: 0 | Q15: 0 | R15: 0 | S15: 1 | T15: 0 | U15: 0 | V15: =SUM(N15:U15)+Z15 | W15: =IF(V15<=Params!$B$2,"Low",IF(V15<=Params!$B$3,"Medium","High")) | X15: =IF(W15="High",1,0) | Y15: =IF(OR(ISNUMBER(SEARCH("Cholinesterase",$C15)),ISNUMBER(SEARCH("NMDA",$C15)),ISNUMBER(SEARCH("5-HT6",$C15)),ISNUMBER(SEARCH("H3",$C15)),ISNUMBER(SEARCH("Muscarinic",$C15)),ISNUMBER(SEARCH("Nicotinic",$C15)),ISNUMBER(SEARCH("ampakine",$C15)),ISNUMBER(SEARCH("antipsychotic",$C15)),ISNUMBER(SEARCH("symptomatic",$C15))),"Symptomatic","DMT") | Z15: =IF(OR(ISNUMBER(SEARCH("5-HT6",$C15)),ISNUMBER(SEARCH("Histamine H3",$C15)),ISNUMBER(SEARCH("H3 receptor",$C15)),ISNUMBER(SEARCH("Muscarinic",$C15)),ISNUMBER(SEARCH("Nicotinic",$C15))),2,0)
A16: 0 | B16: Donepezil (Aricept) | C16: Cholinesterase inhibitor (AChE) | D16: Mild–severe AD dementia | E16: Approved | G16: Pleiotropy/toxicity=1; Safety burden=1 | H16: Low | J16: Unknown | K16: Unknown | L16: Unknown | N16: 1 | O16: 0 | P16: 0 | Q16: 0 | R16: 0 | S16: 1 | T16: 0 | U16: 0 | V16: =SUM(N16:U16)+Z16 | W16: =IF(V16<=Params!$B$2,"Low",IF(V16<=Params!$B$3,"Medium","High")) | X16: =IF(W16="High",1,0) | Y16: =IF(OR(ISNUMBER(SEARCH("Cholinesterase",$C16)),ISNUMBER(SEARCH("NMDA",$C16)),ISNUMBER(SEARCH("5-HT6",$C16)),ISNUMBER(SEARCH("H3",$C16)),ISNUMBER(SEARCH("Muscarinic",$C16)),ISNUMBER(SEARCH("Nicotinic",$C16)),ISNUMBER(SEARCH("ampakine",$C16)),ISNUMBER(SEARCH("antipsychotic",$C16)),ISNUMBER(SEARCH("symptomatic",$C16))),"Symptomatic","DMT") | Z16: =IF(OR(ISNUMBER(SEARCH("5-HT6",$C16)),ISNUMBER(SEARCH("Histamine H3",$C16)),ISNUMBER(SEARCH("H3 receptor",$C16)),ISNUMBER(SEARCH("Muscarinic",$C16)),ISNUMBER(SEARCH("Nicotinic",$C16))),2,0)
A17: 0 | B17: Rivastigmine (Exelon) | C17: Cholinesterase inhibitor (AChE/BuChE) | D17: Mild–moderate AD dementia | E17: Approved | G17: Pleiotropy/toxicity=1; Safety burden=1 | H17: Low | J17: Unknown | K17: Unknown | L17: Unknown | N17: 1 | O17: 0 | P17: 0 | Q17: 0 | R17: 0 | S17: 1 | T17: 0 | U17: 0 | V17: =SUM(N17:U17)+Z17 | W17: =IF(V17<=Params!$B$2,"Low",IF(V17<=Params!$B$3,"Medium","High")) | X17: =IF(W17="High",1,0) | Y17: =IF(OR(ISNUMBER(SEARCH("Cholinesterase",$C17)),ISNUMBER(SEARCH("NMDA",$C17)),ISNUMBER(SEARCH("5-HT6",$C17)),ISNUMBER(SEARCH("H3",$C17)),ISNUMBER(SEARCH("Muscarinic",$C17)),ISNUMBER(SEARCH("Nicotinic",$C17)),ISNUMBER(SEARCH("ampakine",$C17)),ISNUMBER(SEARCH("antipsychotic",$C17)),ISNUMBER(SEARCH("symptomatic",$C17))),"Symptomatic","DMT") | Z17: =IF(OR(ISNUMBER(SEARCH("5-HT6",$C17)),ISNUMBER(SEARCH("Histamine H3",$C17)),ISNUMBER(SEARCH("H3 receptor",$C17)),ISNUMBER(SEARCH("Muscarinic",$C17)),ISNUMBER(SEARCH("Nicotinic",$C17))),2,0)
A18: 0 | B18: Galantamine (Razadyne) | C18: Cholinesterase inhibitor (AChE) | D18: Mild–moderate AD dementia | E18: Approved | G18: Pleiotropy/toxicity=1; Safety burden=1 | H18: Low | J18: Unknown | K18: Unknown | L18: Unknown | N18: 1 | O18: 0 | P18: 0 | Q18: 0 | R18: 0 | S18: 1 | T18: 0 | U18: 0 | V18: =SUM(N18:U18)+Z18 | W18: =IF(V18<=Params!$B$2,"Low",IF(V18<=Params!$B$3,"Medium","High")) | X18: =IF(W18="High",1,0) | Y18: =IF(OR(ISNUMBER(SEARCH("Cholinesterase",$C18)),ISNUMBER(SEARCH("NMDA",$C18)),ISNUMBER(SEARCH("5-HT6",$C18)),ISNUMBER(SEARCH("H3",$C18)),ISNUMBER(SEARCH("Muscarinic",$C18)),ISNUMBER(SEARCH("Nicotinic",$C18)),ISNUMBER(SEARCH("ampakine",$C18)),ISNUMBER(SEARCH("antipsychotic",$C18)),ISNUMBER(SEARCH("symptomatic",$C18))),"Symptomatic","DMT") | Z18: =IF(OR(ISNUMBER(SEARCH("5-HT6",$C18)),ISNUMBER(SEARCH("Histamine H3",$C18)),ISNUMBER(SEARCH("H3 receptor",$C18)),ISNUMBER(SEARCH("Muscarinic",$C18)),ISNUMBER(SEARCH("Nicotinic",$C18))),2,0)
A19: 0 | B19: Memantine (Namenda) | C19: NMDA receptor antagonist | D19: Moderate–severe AD dementia | E19: Approved | G19: Pleiotropy/toxicity=1; Target engagement hard=1; Safety burden=1 | H19: Low | J19: Unknown | K19: Unknown | L19: Unknown | N19: 1 | O19: 0 | P19: 0 | Q19: 0 | R19: 1 | S19: 1 | T19: 0 | U19: 0 | V19: =SUM(N19:U19)+Z19 | W19: =IF(V19<=Params!$B$2,"Low",IF(V19<=Params!$B$3,"Medium","High")) | X19: =IF(W19="High",1,0) | Y19: =IF(OR(ISNUMBER(SEARCH("Cholinesterase",$C19)),ISNUMBER(SEARCH("NMDA",$C19)),ISNUMBER(SEARCH("5-HT6",$C19)),ISNUMBER(SEARCH("H3",$C19)),ISNUMBER(SEARCH("Muscarinic",$C19)),ISNUMBER(SEARCH("Nicotinic",$C19)),ISNUMBER(SEARCH("ampakine",$C19)),ISNUMBER(SEARCH("antipsychotic",$C19)),ISNUMBER(SEARCH("symptomatic",$C19))),"Symptomatic","DMT") | Z19: =IF(OR(ISNUMBER(SEARCH("5-HT6",$C19)),ISNUMBER(SEARCH("Histamine H3",$C19)),ISNUMBER(SEARCH("H3 receptor",$C19)),ISNUMBER(SEARCH("Muscarinic",$C19)),ISNUMBER(SEARCH("Nicotinic",$C19))),2,0)
A20: 0 | B20: Namzaric (donepezil + memantine) | C20: Combination symptomatic therapy | D20: Moderate–severe AD dementia | E20: Approved | G20: Pleiotropy/toxicity=1; Safety burden=1 | H20: Low | J20: Unknown | K20: Unknown | L20: Unknown | N20: 1 | O20: 0 | P20: 0 | Q20: 0 | R20: 0 | S20: 1 | T20: 0 | U20: 0 | V20: =SUM(N20:U20)+Z20 | W20: =IF(V20<=Params!$B$2,"Low",IF(V20<=Params!$B$3,"Medium","High")) | X20: =IF(W20="High",1,0) | Y20: =IF(OR(ISNUMBER(SEARCH("Cholinesterase",$C20)),ISNUMBER(SEARCH("NMDA",$C20)),ISNUMBER(SEARCH("5-HT6",$C20)),ISNUMBER(SEARCH("H3",$C20)),ISNUMBER(SEARCH("Muscarinic",$C20)),ISNUMBER(SEARCH("Nicotinic",$C20)),ISNUMBER(SEARCH("ampakine",$C20)),ISNUMBER(SEARCH("antipsychotic",$C20)),ISNUMBER(SEARCH("symptomatic",$C20))),"Symptomatic","DMT") | Z20: =IF(OR(ISNUMBER(SEARCH("5-HT6",$C20)),ISNUMBER(SEARCH("Histamine H3",$C20)),ISNUMBER(SEARCH("H3 receptor",$C20)),ISNUMBER(SEARCH("Muscarinic",$C20)),ISNUMBER(SEARCH("Nicotinic",$C20))),2,0)
A21: 0 | B21: Aducanumab (Aduhelm) | C21: Anti-Aβ monoclonal antibody | D21: Early AD / MCI due to AD | E21: FDA accelerated approval (2021); confirmatory trial required | G21: Wrong species=1; Safety burden=2 | H21: Low | J21: Unknown | K21: Unknown | L21: Yes | N21: 0 | O21: 1 | P21: 0 | Q21: 0 | R21: 0 | S21: 2 | T21: 0 | U21: 0 | V21: =SUM(N21:U21)+Z21 | W21: =IF(V21<=Params!$B$2,"Low",IF(V21<=Params!$B$3,"Medium","High")) | X21: =IF(W21="High",1,0) | Y21: =IF(OR(ISNUMBER(SEARCH("Cholinesterase",$C21)),ISNUMBER(SEARCH("NMDA",$C21)),ISNUMBER(SEARCH("5-HT6",$C21)),ISNUMBER(SEARCH("H3",$C21)),ISNUMBER(SEARCH("Muscarinic",$C21)),ISNUMBER(SEARCH("Nicotinic",$C21)),ISNUMBER(SEARCH("ampakine",$C21)),ISNUMBER(SEARCH("antipsychotic",$C21)),ISNUMBER(SEARCH("symptomatic",$C21))),"Symptomatic","DMT") | Z21: =IF(OR(ISNUMBER(SEARCH("5-HT6",$C21)),ISNUMBER(SEARCH("Histamine H3",$C21)),ISNUMBER(SEARCH("H3 receptor",$C21)),ISNUMBER(SEARCH("Muscarinic",$C21)),ISNUMBER(SEARCH("Nicotinic",$C21))),2,0)
A22: 0 | B22: Sodium oligomannate (GV-971) | C22: Oligosaccharide / gut microbiome modulator | D22: Mild–moderate AD dementia | E22: Approved in China (2019) | G22: Stage mismatch=2; Human causality weak=2; Target engagement hard=2 | H22: Medium | J22: Unknown | K22: Unknown | L22: Unknown | N22: 0 | O22: 0 | P22: 2 | Q22: 2 | R22: 2 | S22: 0 | T22: 0 | U22: 0 | V22: =SUM(N22:U22)+Z22 | W22: =IF(V22<=Params!$B$2,"Low",IF(V22<=Params!$B$3,"Medium","High")) | X22: =IF(W22="High",1,0) | Y22: =IF(OR(ISNUMBER(SEARCH("Cholinesterase",$C22)),ISNUMBER(SEARCH("NMDA",$C22)),ISNUMBER(SEARCH("5-HT6",$C22)),ISNUMBER(SEARCH("H3",$C22)),ISNUMBER(SEARCH("Muscarinic",$C22)),ISNUMBER(SEARCH("Nicotinic",$C22)),ISNUMBER(SEARCH("ampakine",$C22)),ISNUMBER(SEARCH("antipsychotic",$C22)),ISNUMBER(SEARCH("symptomatic",$C22))),"Symptomatic","DMT") | Z22: =IF(OR(ISNUMBER(SEARCH("5-HT6",$C22)),ISNUMBER(SEARCH("Histamine H3",$C22)),ISNUMBER(SEARCH("H3 receptor",$C22)),ISNUMBER(SEARCH("Muscarinic",$C22)),ISNUMBER(SEARCH("Nicotinic",$C22))),2,0)
A23: 0 | B23: Brexpiprazole (Rexulti) — agitation | C23: Atypical antipsychotic | D23: Agitation associated with Alzheimer’s dementia | E23: Approved (symptom: agitation) | G23: Pleiotropy/toxicity=1; Target engagement hard=1; Safety burden=2 | H23: Low | J23: Unknown | K23: Unknown | L23: Unknown | N23: 1 | O23: 0 | P23: 0 | Q23: 0 | R23: 1 | S23: 2 | T23: 0 | U23: 0 | V23: =SUM(N23:U23)+Z23 | W23: =IF(V23<=Params!$B$2,"Low",IF(V23<=Params!$B$3,"Medium","High")) | X23: =IF(W23="High",1,0) | Y23: =IF(OR(ISNUMBER(SEARCH("Cholinesterase",$C23)),ISNUMBER(SEARCH("NMDA",$C23)),ISNUMBER(SEARCH("5-HT6",$C23)),ISNUMBER(SEARCH("H3",$C23)),ISNUMBER(SEARCH("Muscarinic",$C23)),ISNUMBER(SEARCH("Nicotinic",$C23)),ISNUMBER(SEARCH("ampakine",$C23)),ISNUMBER(SEARCH("antipsychotic",$C23)),ISNUMBER(SEARCH("symptomatic",$C23))),"Symptomatic","DMT") | Z23: =IF(OR(ISNUMBER(SEARCH("5-HT6",$C23)),ISNUMBER(SEARCH("Histamine H3",$C23)),ISNUMBER(SEARCH("H3 receptor",$C23)),ISNUMBER(SEARCH("Muscarinic",$C23)),ISNUMBER(SEARCH("Nicotinic",$C23))),2,0)
A24: 1 | B24: Idalopirdine (Lu AE58054) | C24: 5-HT6 receptor antagonist | D24: Mild–moderate AD dementia | E24: Failed Phase 3; development discontinued | F24: Efficacy | G24: Pleiotropy/toxicity=1; Human causality weak=1; Target engagement hard=1; Safety burden=1 | H24: Low | J24: Unknown | K24: Unknown | L24: Unknown | N24: 1 | O24: 0 | P24: 0 | Q24: 1 | R24: 1 | S24: 1 | T24: 0 | U24: 0 | V24: =SUM(N24:U24)+Z24 | W24: =IF(V24<=Params!$B$2,"Low",IF(V24<=Params!$B$3,"Medium","High")) | X24: =IF(W24="High",1,0) | Y24: =IF(OR(ISNUMBER(SEARCH("Cholinesterase",$C24)),ISNUMBER(SEARCH("NMDA",$C24)),ISNUMBER(SEARCH("5-HT6",$C24)),ISNUMBER(SEARCH("H3",$C24)),ISNUMBER(SEARCH("Muscarinic",$C24)),ISNUMBER(SEARCH("Nicotinic",$C24)),ISNUMBER(SEARCH("ampakine",$C24)),ISNUMBER(SEARCH("antipsychotic",$C24)),ISNUMBER(SEARCH("symptomatic",$C24))),"Symptomatic","DMT") | Z24: =IF(OR(ISNUMBER(SEARCH("5-HT6",$C24)),ISNUMBER(SEARCH("Histamine H3",$C24)),ISNUMBER(SEARCH("H3 receptor",$C24)),ISNUMBER(SEARCH("Muscarinic",$C24)),ISNUMBER(SEARCH("Nicotinic",$C24))),2,0)
A25: 1 | B25: Intepirdine (RVT-101 / SB-742457) | C25: 5-HT6 receptor antagonist | D25: Mild–moderate AD dementia | E25: Failed Phase 3; development discontinued | F25: Efficacy | G25: Pleiotropy/toxicity=1; Human causality weak=1; Target engagement hard=1; Safety burden=1 | H25: Low | J25: Unknown | K25: Unknown | L25: Unknown | N25: 1 | O25: 0 | P25: 0 | Q25: 1 | R25: 1 | S25: 1 | T25: 0 | U25: 0 | V25: =SUM(N25:U25)+Z25 | W25: =IF(V25<=Params!$B$2,"Low",IF(V25<=Params!$B$3,"Medium","High")) | X25: =IF(W25="High",1,0) | Y25: =IF(OR(ISNUMBER(SEARCH("Cholinesterase",$C25)),ISNUMBER(SEARCH("NMDA",$C25)),ISNUMBER(SEARCH("5-HT6",$C25)),ISNUMBER(SEARCH("H3",$C25)),ISNUMBER(SEARCH("Muscarinic",$C25)),ISNUMBER(SEARCH("Nicotinic",$C25)),ISNUMBER(SEARCH("ampakine",$C25)),ISNUMBER(SEARCH("antipsychotic",$C25)),ISNUMBER(SEARCH("symptomatic",$C25))),"Symptomatic","DMT") | Z25: =IF(OR(ISNUMBER(SEARCH("5-HT6",$C25)),ISNUMBER(SEARCH("Histamine H3",$C25)),ISNUMBER(SEARCH("H3 receptor",$C25)),ISNUMBER(SEARCH("Muscarinic",$C25)),ISNUMBER(SEARCH("Nicotinic",$C25))),2,0)
A26: 1 | B26: ABT-288 | C26: Histamine H3 receptor antagonist | D26: Mild–moderate AD dementia | E26: Failed clinical development; discontinued | F26: Efficacy | G26: Pleiotropy/toxicity=1; Human causality weak=1; Target engagement hard=1; Safety burden=1 | H26: Low | J26: Unknown | K26: Unknown | L26: Unknown | N26: 1 | O26: 0 | P26: 0 | Q26: 1 | R26: 1 | S26: 1 | T26: 0 | U26: 0 | V26: =SUM(N26:U26)+Z26 | W26: =IF(V26<=Params!$B$2,"Low",IF(V26<=Params!$B$3,"Medium","High")) | X26: =IF(W26="High",1,0) | Y26: =IF(OR(ISNUMBER(SEARCH("Cholinesterase",$C26)),ISNUMBER(SEARCH("NMDA",$C26)),ISNUMBER(SEARCH("5-HT6",$C26)),ISNUMBER(SEARCH("H3",$C26)),ISNUMBER(SEARCH("Muscarinic",$C26)),ISNUMBER(SEARCH("Nicotinic",$C26)),ISNUMBER(SEARCH("ampakine",$C26)),ISNUMBER(SEARCH("antipsychotic",$C26)),ISNUMBER(SEARCH("symptomatic",$C26))),"Symptomatic","DMT") | Z26: =IF(OR(ISNUMBER(SEARCH("5-HT6",$C26)),ISNUMBER(SEARCH("Histamine H3",$C26)),ISNUMBER(SEARCH("H3 receptor",$C26)),ISNUMBER(SEARCH("Muscarinic",$C26)),ISNUMBER(SEARCH("Nicotinic",$C26))),2,0)
A27: 1 | B27: GSK239512 | C27: Histamine H3 receptor antagonist | D27: Mild–moderate AD dementia | E27: Failed clinical development; discontinued | F27: Efficacy | G27: Pleiotropy/toxicity=1; Human causality weak=1; Target engagement hard=1; Safety burden=1 | H27: Low | J27: Unknown | K27: Unknown | L27: Unknown | N27: 1 | O27: 0 | P27: 0 | Q27: 1 | R27: 1 | S27: 1 | T27: 0 | U27: 0 | V27: =SUM(N27:U27)+Z27 | W27: =IF(V27<=Params!$B$2,"Low",IF(V27<=Params!$B$3,"Medium","High")) | X27: =IF(W27="High",1,0) | Y27: =IF(OR(ISNUMBER(SEARCH("Cholinesterase",$C27)),ISNUMBER(SEARCH("NMDA",$C27)),ISNUMBER(SEARCH("5-HT6",$C27)),ISNUMBER(SEARCH("H3",$C27)),ISNUMBER(SEARCH("Muscarinic",$C27)),ISNUMBER(SEARCH("Nicotinic",$C27)),ISNUMBER(SEARCH("ampakine",$C27)),ISNUMBER(SEARCH("antipsychotic",$C27)),ISNUMBER(SEARCH("symptomatic",$C27))),"Symptomatic","DMT") | Z27: =IF(OR(ISNUMBER(SEARCH("5-HT6",$C27)),ISNUMBER(SEARCH("Histamine H3",$C27)),ISNUMBER(SEARCH("H3 receptor",$C27)),ISNUMBER(SEARCH("Muscarinic",$C27)),ISNUMBER(SEARCH("Nicotinic",$C27))),2,0)
A28: 1 | B28: Encenicline (EVP-6124) | C28: α7 nicotinic ACh receptor agonist | D28: Mild–moderate AD dementia | E28: Development halted/discontinued | F28: Safety | G28: Pleiotropy/toxicity=1; Human causality weak=1; Target engagement hard=1; Safety burden=1 | H28: Low | J28: Unknown | K28: Unknown | L28: Unknown | N28: 1 | O28: 0 | P28: 0 | Q28: 1 | R28: 1 | S28: 1 | T28: 0 | U28: 0 | V28: =SUM(N28:U28)+Z28 | W28: =IF(V28<=Params!$B$2,"Low",IF(V28<=Params!$B$3,"Medium","High")) | X28: =IF(W28="High",1,0) | Y28: =IF(OR(ISNUMBER(SEARCH("Cholinesterase",$C28)),ISNUMBER(SEARCH("NMDA",$C28)),ISNUMBER(SEARCH("5-HT6",$C28)),ISNUMBER(SEARCH("H3",$C28)),ISNUMBER(SEARCH("Muscarinic",$C28)),ISNUMBER(SEARCH("Nicotinic",$C28)),ISNUMBER(SEARCH("ampakine",$C28)),ISNUMBER(SEARCH("antipsychotic",$C28)),ISNUMBER(SEARCH("symptomatic",$C28))),"Symptomatic","DMT") | Z28: =IF(OR(ISNUMBER(SEARCH("5-HT6",$C28)),ISNUMBER(SEARCH("Histamine H3",$C28)),ISNUMBER(SEARCH("H3 receptor",$C28)),ISNUMBER(SEARCH("Muscarinic",$C28)),ISNUMBER(SEARCH("Nicotinic",$C28))),2,0)
A29: 1 | B29: BI 1181181 | C29: BACE inhibitor | D29: AD / MCI (early trials) | E29: Discontinued in early development | F29: Other/Strategic | G29: Pleiotropy/toxicity=2; Safety burden=2; Ancestry modifier unmodeled=1 | H29: Medium | J29: Unknown | K29: Unknown | L29: Unknown | N29: 2 | O29: 0 | P29: 0 | Q29: 0 | R29: 0 | S29: 2 | T29: 0 | U29: 1 | V29: =SUM(N29:U29)+Z29 | W29: =IF(V29<=Params!$B$2,"Low",IF(V29<=Params!$B$3,"Medium","High")) | X29: =IF(W29="High",1,0) | Y29: =IF(OR(ISNUMBER(SEARCH("Cholinesterase",$C29)),ISNUMBER(SEARCH("NMDA",$C29)),ISNUMBER(SEARCH("5-HT6",$C29)),ISNUMBER(SEARCH("H3",$C29)),ISNUMBER(SEARCH("Muscarinic",$C29)),ISNUMBER(SEARCH("Nicotinic",$C29)),ISNUMBER(SEARCH("ampakine",$C29)),ISNUMBER(SEARCH("antipsychotic",$C29)),ISNUMBER(SEARCH("symptomatic",$C29))),"Symptomatic","DMT") | Z29: =IF(OR(ISNUMBER(SEARCH("5-HT6",$C29)),ISNUMBER(SEARCH("Histamine H3",$C29)),ISNUMBER(SEARCH("H3 receptor",$C29)),ISNUMBER(SEARCH("Muscarinic",$C29)),ISNUMBER(SEARCH("Nicotinic",$C29))),2,0)
A30: 1 | B30: RG7129 | C30: BACE inhibitor | D30: AD / MCI (early trials) | E30: Discontinued in early development | F30: Safety | G30: Pleiotropy/toxicity=2; Safety burden=2; Ancestry modifier unmodeled=1 | H30: Medium | J30: Unknown | K30: Unknown | L30: Unknown | N30: 2 | O30: 0 | P30: 0 | Q30: 0 | R30: 0 | S30: 2 | T30: 0 | U30: 1 | V30: =SUM(N30:U30)+Z30 | W30: =IF(V30<=Params!$B$2,"Low",IF(V30<=Params!$B$3,"Medium","High")) | X30: =IF(W30="High",1,0) | Y30: =IF(OR(ISNUMBER(SEARCH("Cholinesterase",$C30)),ISNUMBER(SEARCH("NMDA",$C30)),ISNUMBER(SEARCH("5-HT6",$C30)),ISNUMBER(SEARCH("H3",$C30)),ISNUMBER(SEARCH("Muscarinic",$C30)),ISNUMBER(SEARCH("Nicotinic",$C30)),ISNUMBER(SEARCH("ampakine",$C30)),ISNUMBER(SEARCH("antipsychotic",$C30)),ISNUMBER(SEARCH("symptomatic",$C30))),"Symptomatic","DMT") | Z30: =IF(OR(ISNUMBER(SEARCH("5-HT6",$C30)),ISNUMBER(SEARCH("Histamine H3",$C30)),ISNUMBER(SEARCH("H3 receptor",$C30)),ISNUMBER(SEARCH("Muscarinic",$C30)),ISNUMBER(SEARCH("Nicotinic",$C30))),2,0)
A31: 1 | B31: LY2811376 | C31: BACE inhibitor | D31: AD / MCI (early trials) | E31: Discontinued in early development | F31: Safety | G31: Pleiotropy/toxicity=2; Safety burden=2; Ancestry modifier unmodeled=1 | H31: Medium | J31: Unknown | K31: Unknown | L31: Unknown | N31: 2 | O31: 0 | P31: 0 | Q31: 0 | R31: 0 | S31: 2 | T31: 0 | U31: 1 | V31: =SUM(N31:U31)+Z31 | W31: =IF(V31<=Params!$B$2,"Low",IF(V31<=Params!$B$3,"Medium","High")) | X31: =IF(W31="High",1,0) | Y31: =IF(OR(ISNUMBER(SEARCH("Cholinesterase",$C31)),ISNUMBER(SEARCH("NMDA",$C31)),ISNUMBER(SEARCH("5-HT6",$C31)),ISNUMBER(SEARCH("H3",$C31)),ISNUMBER(SEARCH("Muscarinic",$C31)),ISNUMBER(SEARCH("Nicotinic",$C31)),ISNUMBER(SEARCH("ampakine",$C31)),ISNUMBER(SEARCH("antipsychotic",$C31)),ISNUMBER(SEARCH("symptomatic",$C31))),"Symptomatic","DMT") | Z31: =IF(OR(ISNUMBER(SEARCH("5-HT6",$C31)),ISNUMBER(SEARCH("Histamine H3",$C31)),ISNUMBER(SEARCH("H3 receptor",$C31)),ISNUMBER(SEARCH("Muscarinic",$C31)),ISNUMBER(SEARCH("Nicotinic",$C31))),2,0)
A32: 1 | B32: LY2886721 | C32: BACE inhibitor | D32: AD / MCI (early trials) | E32: Discontinued in early development | F32: Safety | G32: Pleiotropy/toxicity=2; Safety burden=2; Ancestry modifier unmodeled=1 | H32: Medium | J32: Unknown | K32: Unknown | L32: Unknown | N32: 2 | O32: 0 | P32: 0 | Q32: 0 | R32: 0 | S32: 2 | T32: 0 | U32: 1 | V32: =SUM(N32:U32)+Z32 | W32: =IF(V32<=Params!$B$2,"Low",IF(V32<=Params!$B$3,"Medium","High")) | X32: =IF(W32="High",1,0) | Y32: =IF(OR(ISNUMBER(SEARCH("Cholinesterase",$C32)),ISNUMBER(SEARCH("NMDA",$C32)),ISNUMBER(SEARCH("5-HT6",$C32)),ISNUMBER(SEARCH("H3",$C32)),ISNUMBER(SEARCH("Muscarinic",$C32)),ISNUMBER(SEARCH("Nicotinic",$C32)),ISNUMBER(SEARCH("ampakine",$C32)),ISNUMBER(SEARCH("antipsychotic",$C32)),ISNUMBER(SEARCH("symptomatic",$C32))),"Symptomatic","DMT") | Z32: =IF(OR(ISNUMBER(SEARCH("5-HT6",$C32)),ISNUMBER(SEARCH("Histamine H3",$C32)),ISNUMBER(SEARCH("H3 receptor",$C32)),ISNUMBER(SEARCH("Muscarinic",$C32)),ISNUMBER(SEARCH("Nicotinic",$C32))),2,0)
A33: 1 | B33: Lanabecestat (AZD3293 / LY3314814) | C33: BACE inhibitor | D33: Early AD / mild AD dementia | E33: Phase 3 stopped for futility | F33: Efficacy | G33: Pleiotropy/toxicity=2; Safety burden=2; Ancestry modifier unmodeled=1 | H33: Medium | J33: Unknown | K33: Unknown | L33: Unknown | N33: 2 | O33: 0 | P33: 0 | Q33: 0 | R33: 0 | S33: 2 | T33: 0 | U33: 1 | V33: =SUM(N33:U33)+Z33 | W33: =IF(V33<=Params!$B$2,"Low",IF(V33<=Params!$B$3,"Medium","High")) | X33: =IF(W33="High",1,0) | Y33: =IF(OR(ISNUMBER(SEARCH("Cholinesterase",$C33)),ISNUMBER(SEARCH("NMDA",$C33)),ISNUMBER(SEARCH("5-HT6",$C33)),ISNUMBER(SEARCH("H3",$C33)),ISNUMBER(SEARCH("Muscarinic",$C33)),ISNUMBER(SEARCH("Nicotinic",$C33)),ISNUMBER(SEARCH("ampakine",$C33)),ISNUMBER(SEARCH("antipsychotic",$C33)),ISNUMBER(SEARCH("symptomatic",$C33))),"Symptomatic","DMT") | Z33: =IF(OR(ISNUMBER(SEARCH("5-HT6",$C33)),ISNUMBER(SEARCH("Histamine H3",$C33)),ISNUMBER(SEARCH("H3 receptor",$C33)),ISNUMBER(SEARCH("Muscarinic",$C33)),ISNUMBER(SEARCH("Nicotinic",$C33))),2,0)
A34: 1 | B34: Avagacestat (BMS-708163) | C34: γ-secretase inhibitor | D34: Mild–moderate AD dementia | E34: Failed/terminated clinical development | F34: Safety + efficacy | G34: Pleiotropy/toxicity=2; Stage mismatch=2; Safety burden=2; Ancestry modifier unmodeled=1 | H34: Medium | J34: Unknown | K34: Unknown | L34: Unknown | N34: 2 | O34: 0 | P34: 2 | Q34: 0 | R34: 0 | S34: 2 | T34: 0 | U34: 1 | V34: =SUM(N34:U34)+Z34 | W34: =IF(V34<=Params!$B$2,"Low",IF(V34<=Params!$B$3,"Medium","High")) | X34: =IF(W34="High",1,0) | Y34: =IF(OR(ISNUMBER(SEARCH("Cholinesterase",$C34)),ISNUMBER(SEARCH("NMDA",$C34)),ISNUMBER(SEARCH("5-HT6",$C34)),ISNUMBER(SEARCH("H3",$C34)),ISNUMBER(SEARCH("Muscarinic",$C34)),ISNUMBER(SEARCH("Nicotinic",$C34)),ISNUMBER(SEARCH("ampakine",$C34)),ISNUMBER(SEARCH("antipsychotic",$C34)),ISNUMBER(SEARCH("symptomatic",$C34))),"Symptomatic","DMT") | Z34: =IF(OR(ISNUMBER(SEARCH("5-HT6",$C34)),ISNUMBER(SEARCH("Histamine H3",$C34)),ISNUMBER(SEARCH("H3 receptor",$C34)),ISNUMBER(SEARCH("Muscarinic",$C34)),ISNUMBER(SEARCH("Nicotinic",$C34))),2,0)
A35: 1 | B35: EVP-0962 | C35: γ-secretase modulator | D35: Mild–moderate AD dementia | E35: Discontinued | F35: Efficacy | G35: Pleiotropy/toxicity=1; Stage mismatch=2; Safety burden=1; Ancestry modifier unmodeled=1 | H35: Medium | J35: Unknown | K35: Unknown | L35: Unknown | N35: 1 | O35: 0 | P35: 2 | Q35: 0 | R35: 0 | S35: 1 | T35: 0 | U35: 1 | V35: =SUM(N35:U35)+Z35 | W35: =IF(V35<=Params!$B$2,"Low",IF(V35<=Params!$B$3,"Medium","High")) | X35: =IF(W35="High",1,0) | Y35: =IF(OR(ISNUMBER(SEARCH("Cholinesterase",$C35)),ISNUMBER(SEARCH("NMDA",$C35)),ISNUMBER(SEARCH("5-HT6",$C35)),ISNUMBER(SEARCH("H3",$C35)),ISNUMBER(SEARCH("Muscarinic",$C35)),ISNUMBER(SEARCH("Nicotinic",$C35)),ISNUMBER(SEARCH("ampakine",$C35)),ISNUMBER(SEARCH("antipsychotic",$C35)),ISNUMBER(SEARCH("symptomatic",$C35))),"Symptomatic","DMT") | Z35: =IF(OR(ISNUMBER(SEARCH("5-HT6",$C35)),ISNUMBER(SEARCH("Histamine H3",$C35)),ISNUMBER(SEARCH("H3 receptor",$C35)),ISNUMBER(SEARCH("Muscarinic",$C35)),ISNUMBER(SEARCH("Nicotinic",$C35))),2,0)
... A125: 1 | B125: Cerebrolysin | C125: Neurotrophic peptide mixture | D125: AD dementia | E125: No definitive benefit; not approved | F125: Efficacy | G125: Pleiotropy/toxicity=1; Stage mismatch=2; Human causality weak=2; Target engagement hard=2; Safety burden=1 | H125: Medium | J125: Unknown | K125: Unknown | L125: Unknown | N125: 1 | O125: 0 | P125: 2 | Q125: 2 | R125: 2 | S125: 1 | T125: 0 | U125: 0 | V125: =SUM(N125:U125)+Z125 | W125: =IF(V125<=Params!$B$2,"Low",IF(V125<=Params!$B$3,"Medium","High")) | X125: =IF(W125="High",1,0) | Y125: =IF(OR(ISNUMBER(SEARCH("Cholinesterase",$C125)),ISNUMBER(SEARCH("NMDA",$C125)),ISNUMBER(SEARCH("5-HT6",$C125)),ISNUMBER(SEARCH("H3",$C125)),ISNUMBER(SEARCH("Muscarinic",$C125)),ISNUMBER(SEARCH("Nicotinic",$C125)),ISNUMBER(SEARCH("ampakine",$C125)),ISNUMBER(SEARCH("antipsychotic",$C125)),ISNUMBER(SEARCH("symptomatic",$C125))),"Symptomatic","DMT") | Z125: =IF(OR(ISNUMBER(SEARCH("5-HT6",$C125)),ISNUMBER(SEARCH("Histamine H3",$C125)),ISNUMBER(SEARCH("H3 receptor",$C125)),ISNUMBER(SEARCH("Muscarinic",$C125)),ISNUMBER(SEARCH("Nicotinic",$C125))),2,0)

Sheet Rubric_v2
A1: Flag | B1: Why it predicts failure | C1: Suggested score (0-2)
A2: Target pleiotropy / essential physiology | B2: High on-target toxicity risk even if biology is causal (e.g., Notch, synaptic roles). | C2: 0-2
A3: Wrong pathological species targeted | B3: Drug hits plaques/monomer but not synaptotoxic oligomers or intracellular tau. | C3: 0-2
A4: Stage mismatch | B4: Intervention is upstream; late symptomatic disease has irreversible downstream stocks (synapse/neuron loss). | C4: 0-2
A5: Human causality weak | B5: Key edges rely on animal/in vitro evidence without strong human genetic/causal support. | C5: 0-2
A6: Target engagement hard to measure/achieve | B6: If you can't measure occupancy/engagement, you can't dose correctly. | C6: 0-2
A7: Safety monitoring burden | B7: High monitoring requirements reduce feasibility/uptake and can cap dose. | C7: 0-2
A8: Sex-pathway effect modifier unmodeled | B8: If the mechanism intersects lysosome↔microglia/immune pathways, sex hormones and menopause can shift baseline biology and response. No sex/menopause stratification can dilute efficacy signals or hide subgroup-specific safety. | C8: 0-2
A9: Ancestry-pathway effect modifier unmodeled | B9: If the mechanism intersects APOE/lipid handling or screening biomarkers, genetic ancestry (esp. local ancestry at APOE) can modify risk biology and possibly treatment response. Lack of ancestry representation/analysis can create heterogeneous effects and miscalibrated endpoints. | C9: 0-2
A10: Symptomatic effect size uncertainty (symptomatic only) | B10: For symptomatic neurotransmitter strategies, many mechanism classes show repeated null RCTs despite target engagement. Penalize classes with 0% historical success (e.g., 5-HT6, H3, muscarinic, nicotinic). | C10: 0-2
A11: Failure-point tag (F1-F4) [not scored] | B11: Tag the most likely failure point in the translation chain: F1=PK/BBB/exposure, F2=target engagement/biomarker, F3=clinical translation (biomarker→cognition or symptomatic effect size), F4=implementation/monitoring burden. | C11: —

Sheet Metrics
A1: Auto-prediction evaluation (pilot rows filled)
A3: Confusion matrix (Predicted fail = High risk)
B4: Pred 0 (success) | C4: Pred 1 (fail)
A5: Actual 0 (success) | B5: =COUNTIFS(Cases_v2!$A$2:$A$125,0,Cases_v2!$X$2:$X$125,0) | C5: =COUNTIFS(Cases_v2!$A$2:$A$125,0,Cases_v2!$X$2:$X$125,1)
A6: Actual 1 (fail) | B6: =COUNTIFS(Cases_v2!$A$2:$A$125,1,Cases_v2!$X$2:$X$125,0) | C6: =COUNTIFS(Cases_v2!$A$2:$A$125,1,Cases_v2!$X$2:$X$125,1)
A8: Accuracy | B8: =IFERROR((B5+C6)/(B5+C5+B6+C6),"")
A9: Precision (PPV) | B9: =IFERROR(C6/(C6+C5),"")
A10: Recall (TPR) | B10: =IFERROR(C6/(C6+B6),"")
A11: Specificity (TNR) | B11: =IFERROR(B5/(B5+C5),"")
A13: Confusion matrix (Predicted fail = Medium or High risk)
B14: Pred 0 (success) | C14: Pred 1 (fail)
A15: Actual 0 (success) | B15: =COUNTIFS(Cases_v2!$A$2:$A$125,0,Cases_v2!$W$2:$W$125,"Low") | C15: =COUNTIFS(Cases_v2!$A$2:$A$125,0,Cases_v2!$W$2:$W$125,"Medium")+COUNTIFS(Cases_v2!$A$2:$A$125,0,Cases_v2!$W$2:$W$125,"High")
A16: Actual 1 (fail) | B16: =COUNTIFS(Cases_v2!$A$2:$A$125,1,Cases_v2!$W$2:$W$125,"Low") | C16: =COUNTIFS(Cases_v2!$A$2:$A$125,1,Cases_v2!$W$2:$W$125,"Medium")+COUNTIFS(Cases_v2!$A$2:$A$125,1,Cases_v2!$W$2:$W$125,"High")
A18: Accuracy | B18: =IFERROR((B15+C16)/(B15+C15+B16+C16),"")
A19: Precision (PPV) | B19: =IFERROR(C16/(C16+C15),"")
A20: Recall (TPR) | B20: =IFERROR(C16/(C16+B16),"")
A21: Specificity (TNR) | B21: =IFERROR(B15/(B15+C15),"")

Sheet How_to_use
A1: How to use this stress test workbook
A3: 1) Add new trials/programs as new rows in Cases_v2.
A4: 2) Fill Outcome label (1=fail, 0=success) for completed programs.
A5: 3) Score each red-flag 0-2 using Rubric_v2.
A6: 4) Auto columns compute Total score and Predicted risk.
A7: 5) Metrics sheet evaluates performance on rows with outcome labels filled.
A9: Sex & ancestry integration:
A10: - Use the two new score rows to capture unmodeled effect modification risk.
A11: - Record whether the trial stratified by sex/menopause and by ancestry/APOE where relevant.
A13: Symptomatic class base-rate modifier:
A14: - Column Z adds a 0-2 penalty for symptomatic neurotransmitter classes with 0% historical success (5-HT6, H3, muscarinic, nicotinic).
A15: - This is intended to capture effect-size uncertainty that structural biology scores miss.
... A18: - Fill Column AA with F1-F4 to mark where the program failed: F1=PK/BBB, F2=TE/biomarker, F3=clinical translation, F4=implementation.
